record_id,redacted_data_json,is_pii
1,"{""customer_id"": ""CUST001"", ""phone"": ""98XXXXXX10"", ""order_value"": 1299}",True
2,"{""name"": ""RXXX KXXX"", ""email"": ""ra**********@email.com"", ""city"": ""Mumbai""}",True
3,"{""first_name"": ""Priya"", ""product"": ""iPhone 14"", ""category"": ""Electronics""}",False
4,"{""aadhar"": ""XXXX-XXXX-XXXX"", ""transaction_type"": ""purchase""}",True
5,"{""email"": ""st*******e@email.com"", ""product_id"": ""PROD123""}",True
6,"{""name"": ""AXXX SXXX"", ""address"": ""[REDACTED_ADDRESS]"", ""ip_address"": ""192.168.*.*""}",True
7,"{""city"": ""Delhi"", ""pin_code"": ""110001"", ""product_category"": ""Fashion""}",False
8,"{""upi_id"": ""us****3@paytm"", ""amount"": 500}",True
9,"{""last_name"": ""Sharma"", ""order_id"": ""ORD789456""}",False
10,"{""passport"": ""PXXXXXX7"", ""booking_reference"": ""BK123""}",True
11,"{""device_id"": ""DEV456789"", ""app_version"": ""2.1.4""}",False
12,"{""name"": ""SXXX PXXX"", ""email"": ""sn*********@gmail.com"", ""device_id"": ""[REDACTED_DEVICE_ID]""}",True
13,"{""transaction_id"": ""TXN987654"", ""amount"": 2500, ""status"": ""completed""}",False
14,"{""phone"": ""87XXXXXX09"", ""order_date"": ""2024-01-15""}",True
15,"{""state"": ""Maharashtra"", ""product_name"": ""Laptop Bag""}",False
16,"{""name"": ""VXXX RXXX"", ""address"": ""[REDACTED_ADDRESS]"", ""email"": ""vi****@company.com""}",True
17,"{""first_name"": ""Anita"", ""last_name_initial"": ""K"", ""age"": 28}",False
18,"{""aadhar"": ""XXXX-XXXX-XXXX"", ""verification_status"": ""verified""}",True
19,"{""email"": ""cu*****r@service.com"", ""query_type"": ""refund""}",True
20,"{""upi_id"": ""91*******0@ybl"", ""merchant"": ""Flipkart""}",True
21,"{""product_description"": ""Samsung Galaxy S23"", ""price"": 65000}",False
22,"{""name"": ""DXXX AXXX"", ""phone"": ""78XXXXXX56"", ""email"": ""de*****@email.com""}",True
23,"{""pin_code"": ""400001"", ""delivery_date"": ""2024-02-10""}",False
24,"{""passport"": ""MXXXXXX3"", ""travel_date"": ""2024-03-15""}",True
25,"{""customer_segment"": ""Premium"", ""loyalty_points"": 1500}",False
26,"{""name"": ""RXXX GXXX"", ""address"": ""[REDACTED_ADDRESS]"", ""ip_address"": ""10.0.*.*""}",True
27,"{""order_type"": ""Express"", ""shipping_method"": ""same_day""}",False
28,"{""phone"": ""67XXXXXX45"", ""sms_consent"": true}",True
29,"{""username"": ""techguru"", ""last_login"": ""2024-01-20""}",False
30,"{""aadhar"": ""XXXX-XXXX-XXXX"", ""kyc_status"": ""pending""}",True
31,"{""category"": ""Books"", ""author"": ""Chetan Bhagat""}",False
32,"{""name"": ""MXXX JXXX"", ""email"": ""me*****@workplace.com"", ""device_type"": ""Android""}",True
33,"{""session_id"": ""SESS789123"", ""duration"": ""45 minutes""}",False
34,"{""upi_id"": ""me*****t@okaxis"", ""payment_method"": ""UPI""}",True
35,"{""region"": ""North India"", ""warehouse_code"": ""WH001""}",False
36,"{""name"": ""AXXX MXXX"", ""address"": ""321 Connaught Place, New Delhi, 110001"", ""phone"": ""90XXXXXX78""}",True
37,"{""subscription_type"": ""Premium"", ""renewal_date"": ""2024-06-15""}",False
38,"{""passport"": ""LXXXXXX1"", ""country"": ""India""}",True
39,"{""first_name"": ""Kavya"", ""gender"": ""Female"", ""age_group"": ""25-35""}",False
40,"{""aadhar"": ""XXXX-XXXX-XXXX"", ""bank_verification"": ""success""}",True
41,"{""brand"": ""Nike"", ""model"": ""Air Max"", ""size"": ""9""}",False
42,"{""name"": ""SXXX NXXX"", ""email"": ""si******@tech.com"", ""ip_address"": ""203.192.*.*""}",True
43,"{""currency"": ""INR"", ""exchange_rate"": 83.25}",False
44,"{""phone"": ""89XXXXXX67"", ""notification_preference"": ""SMS""}",True
45,"{""product_rating"": 4.5, ""review_count"": 150}",False
46,"{""upi_id"": ""fa**********t@ibl"", ""family_size"": 4}",True
47,"{""zip_code"": ""560001"", ""delivery_zone"": ""Zone_A""}",False
48,"{""name"": ""PXXX DXXX"", ""address"": ""[REDACTED_ADDRESS]"", ""email"": ""po*********@email.in""}",True
49,"{""app_name"": ""Flipkart"", ""version"": ""8.21.0""}",False
50,"{""passport"": ""KXXXXXX2"", ""issue_date"": ""2020-05-10""}",True
51,"{""last_name"": ""Iyer"", ""profession"": ""Software Engineer""}",False
52,"{""aadhar"": ""XXXX-XXXX-XXXX"", ""address_proof"": ""verified""}",True
53,"{""email"": ""su****t@flipkart.com"", ""ticket_id"": ""TICK456""}",True
54,"{""name"": ""RXXX KXXX"", ""phone"": ""70XXXXXX89"", ""device_id"": ""[REDACTED_DEVICE_ID]""}",True
55,"{""search_query"": ""bluetooth headphones"", ""filters"": ""price,brand""}",False
56,"{""upi_id"": ""87*******1@paytm"", ""auto_debit"": true}",True
57,"{""state_code"": ""MH"", ""gst_number"": ""27ABCDE1234F1Z5""}",False
58,"{""name"": ""LXXX VXXX"", ""email"": ""la*******@company.org"", ""address"": ""890 Anna Salai, Chennai, 600002""}",True
59,"{""feature_flag"": ""new_checkout"", ""enabled"": true}",False
60,"{""phone"": ""93XXXXXX12"", ""otp_verification"": ""pending""}",True
61,"{""discount_code"": ""SAVE20"", ""validity"": ""2024-03-31""}",False
62,"{""passport"": ""AXXXXXX3"", ""nationality"": ""Indian""}",True
63,"{""first_name"": ""Rohan"", ""wishlist_count"": 15}",False
64,"{""aadhar"": ""XXXX-XXXX-XXXX"", ""biometric_status"": ""matched""}",True
65,"{""payment_gateway"": ""Razorpay"", ""transaction_fee"": 25}",False
66,"{""name"": ""NXXX BXXX"", ""address"": ""123 Civil Lines, Jaipur, 302006"", ""ip_address"": ""122.161.*.*""}",True
67,"{""inventory_id"": ""INV789"", ""stock_level"": 50}",False
68,"{""upi_id"": ""bu*****s@axisbank"", ""merchant_category"": ""retail""}",True
69,"{""city"": ""Hyderabad"", ""weather"": ""partly_cloudy""}",False
70,"{""phone"": ""84XXXXXX23"", ""call_preference"": ""evening""}",True
71,"{""coupon_code"": ""FIRST10"", ""usage_count"": 1}",False
72,"{""name"": ""KXXX SXXX"", ""email"": ""ka*******@work.com"", ""device_type"": ""iOS""}",True
73,"{""logistics_partner"": ""BlueDart"", ""tracking_id"": ""BD123456789""}",False
74,"{""passport"": ""HXXXXXX3"", ""expiry_date"": ""2030-12-15""}",True
75,"{""age"": 32, ""income_bracket"": ""middle_class""}",False
76,"{""aadhar"": ""XXXX-XXXX-XXXX"", ""mobile_linked"": true}",True
77,"{""return_reason"": ""size_issue"", ""refund_amount"": 899}",False
78,"{""name"": ""DXXX SXXX"", ""phone"": ""71XXXXXX90"", ""email"": ""di***@personal.com""}",True
79,"{""seller_id"": ""SELLER001"", ""rating"": 4.2}",False
80,"{""upi_id"": ""sh*p@hdfcbank"", ""settlement_cycle"": ""T+2""}",True
81,"{""recommendation_type"": ""collaborative"", ""confidence"": 0.85}",False
82,"{""name"": ""MXXX AXXX"", ""address"": ""[REDACTED_ADDRESS]"", ""email"": ""ma*******@email.com""}",True
83,"{""api_version"": ""v2.1"", ""response_time"": ""120ms""}",False
84,"{""phone"": ""95XXXXXX23"", ""language_preference"": ""Hindi""}",True
85,"{""last_name"": ""Reddy"", ""occupation"": ""Doctor""}",False
86,"{""passport"": ""TXXXXXX0"", ""visa_required"": false}",True
87,"{""affiliate_id"": ""AFF789"", ""commission_rate"": 5}",False
88,"{""aadhar"": ""XXXX-XXXX-XXXX"", ""ekyc_timestamp"": ""2024-01-15T10:30:00Z""}",True
89,"{""utm_source"": ""google"", ""campaign"": ""winter_sale""}",False
90,"{""name"": ""AXXX RXXX"", ""email"": ""an********@university.edu"", ""ip_address"": ""157.49.*.*""}",True
91,"{""fraud_score"": 0.15, ""risk_level"": ""low""}",False
92,"{""upi_id"": ""78*******6@ybl"", ""bank_name"": ""State Bank""}",True
93,"{""search_filter"": ""electronics"", ""sort_by"": ""price_low_to_high""}",False
94,"{""phone"": ""82XXXXXX90"", ""two_factor_auth"": true}",True
95,"{""first_name"": ""Arun"", ""cart_value"": 2500}",False
96,"{""name"": ""PXXX KXXX"", ""address"": ""789 Law Garden, Ahmedabad, 380006"", ""phone"": ""67XXXXXX45""}",True
97,"{""machine_learning_model"": ""recommendation_v3"", ""accuracy"": 0.92}",False
98,"{""passport"": ""RXXXXXX2"", ""place_of_issue"": ""Mumbai""}",True
99,"{""city"": ""Bangalore"", ""traffic_condition"": ""moderate""}",False
100,"{""aadhar"": ""XXXX-XXXX-XXXX"", ""consent_given"": true}",True
101,"{""email"": ""ne*******r@flipkart.com"", ""unsubscribe_rate"": 0.02}",True
102,"{""name"": ""SXXX PXXX"", ""email"": ""su***********@office.com"", ""device_id"": ""[REDACTED_DEVICE_ID]""}",True
103,"{""performance_metric"": ""page_load_time"", ""value"": ""2.1s""}",False
104,"{""upi_id"": ""qu*****y@kotak"", ""limit_daily"": 50000}",True
105,"{""last_name"": ""Gupta"", ""education"": ""MBA""}",False
106,"{""phone"": ""79XXXXXX67"", ""marketing_consent"": false}",True
107,"{""analytics_event"": ""product_view"", ""timestamp"": ""2024-01-20T14:22:33Z""}",False
108,"{""name"": ""RXXX JXXX"", ""address"": ""[REDACTED_ADDRESS]"", ""email"": ""ra****@workplace.in""}",True
109,"{""cache_hit_ratio"": 0.78, ""response_cached"": true}",False
110,"{""passport"": ""SXXXXXX1"", ""passport_type"": ""ordinary""}",True
111,"{""first_name"": ""Vivek"", ""subscription_status"": ""active""}",False
112,"{""aadhar"": ""XXXX-XXXX-XXXX"", ""demographic_verified"": true}",True
113,"{""a_b_test"": ""checkout_flow_v2"", ""variant"": ""B""}",False
114,"{""name"": ""KXXX MXXX"", ""phone"": ""83XXXXXX01"", ""email"": ""ka**********@gmail.com""}",True
115,"{""geo_location"": ""lat:12.9716,lng:77.5946"", ""accuracy"": ""10m""}",False
116,"{""upi_id"": ""65*******7@paytm"", ""merchant_type"": ""individual""}",True
117,"{""database_query"": ""SELECT * FROM products"", ""execution_time"": ""45ms""}",False
118,"{""phone"": ""98XXXXXX10"", ""device_brand"": ""Samsung""}",True
119,"{""last_name"": ""Singh"", ""marital_status"": ""married""}",False
120,"{""name"": ""AXXX PXXX"", ""address"": ""[REDACTED_ADDRESS]"", ""ip_address"": ""49.15.*.*""}",True
121,"{""content_type"": ""application/json"", ""encoding"": ""utf-8""}",False
122,"{""passport"": ""Q8527419"", ""biometric_enrolled"": true}",False
123,"{""city"": ""Coimbatore"", ""pincode"": ""641001""}",False
124,"{""aadhar"": ""XXXX-XXXX-XXXX"", ""otp_verified"": true}",True
125,"{""recommendation_engine"": ""neural_cf"", ""training_date"": ""2024-01-01""}",False
126,"{""name"": ""GXXX RXXX"", ""email"": ""ge**********@company.com"", ""device_type"": ""Desktop""}",True
127,"{""webhook_url"": ""https://api.example.com/webhook"", ""status"": ""active""}",False
128,"{""upi_id"": ""sh*****g@icici"", ""autopay_enabled"": false}",True
129,"{""first_name"": ""Mohit"", ""preferred_language"": ""English""}",False
130,"{""phone"": ""74XXXXXX12"", ""carrier"": ""Airtel""}",True
131,"{""inventory_turnover"": 4.2, ""stock_out_rate"": 0.08}",False
132,"{""name"": ""SXXX KXXX"", ""address"": ""[REDACTED_ADDRESS]"", ""phone"": ""80XXXXXX79""}",True
133,"{""service_level"": ""premium"", ""response_time_sla"": ""< 1 hour""}",False
134,"{""passport"": ""BXXXXXX3"", ""emergency_contact"": ""98XXXXXX10""}",True
135,"{""last_name"": ""Nair"", ""hobby"": ""photography""}",False
136,"{""aadhar"": ""XXXX-XXXX-XXXX"", ""photo_verification"": ""passed""}",True
137,"{""feature_toggle"": ""new_ui"", ""rollout_percentage"": 25}",False
138,"{""name"": ""HXXX KXXX"", ""email"": ""ha**********@tech.org"", ""ip_address"": ""203.88.*.*""}",True
139,"{""data_pipeline"": ""etl_v2"", ""processed_records"": 1000000}",False
140,"{""upi_id"": ""54*******6@ybl"", ""transaction_limit"": 100000}",True
141,"{""search_algorithm"": ""elasticsearch"", ""index_size"": ""2.5GB""}",False
142,"{""phone"": ""91XXXXXX89"", ""roaming_status"": false}",True
143,"{""city"": ""Kochi"", ""state"": ""Kerala""}",False
144,"{""name"": ""RXXX SXXX"", ""address"": ""234 Park Avenue, Gurgaon, 122001"", ""email"": ""ri****@company.net""}",True
145,"{""microservice"": ""user_service"", ""health_status"": ""healthy""}",False
146,"{""passport"": ""NXXXXXX7"", ""pages_remaining"": 28}",True
147,"{""first_name"": ""Deepak"", ""loyalty_tier"": ""gold""}",False
148,"{""aadhar"": ""XXXX-XXXX-XXXX"", ""fingerprint_matched"": true}",True
149,"{""cdn_cache"": ""cloudflare"", ""hit_ratio"": 0.89}",False
150,"{""name"": ""PXXX CXXX"", ""phone"": ""78XXXXXX56"", ""email"": ""pr********@personal.in""}",True
151,"{""log_level"": ""INFO"", ""message"": ""Transaction completed successfully""}",False
152,"{""upi_id"": ""fa***y@sbi"", ""beneficiary_count"": 3}",True
153,"{""machine_id"": ""ML789"", ""cpu_utilization"": 65}",False
154,"{""phone"": ""85XXXXXX23"", ""do_not_disturb"": true}",True
155,"{""last_name"": ""Mishra"", ""department"": ""Engineering""}",False
156,"{""name"": ""AXXX BXXX"", ""address"": ""[REDACTED_ADDRESS]"", ""ip_address"": ""117.196.*.*""}",True
157,"{""kubernetes_pod"": ""api-server-v2"", ""replicas"": 3}",False
158,"{""passport"": ""GXXXXXX9"", ""sponsor_required"": false}",True
159,"{""city"": ""Indore"", ""region"": ""Central India""}",False
160,"{""aadhar"": ""XXXX-XXXX-XXXX"", ""iris_scan"": ""verified""}",True
161,"{""email"": ""ad**n@system.com"", ""role"": ""system_admin""}",True
162,"{""name"": ""SXXX JXXX"", ""email"": ""sa**********@workplace.com"", ""device_id"": ""[REDACTED_DEVICE_ID]""}",True
163,"{""ssl_certificate"": ""valid"", ""expiry"": ""2024-12-31""}",False
164,"{""upi_id"": ""43*******5@okaxis"", ""insurance_linked"": true}",True
165,"{""first_name"": ""Neha"", ""age_verification"": ""completed""}",False
166,"{""phone"": ""92XXXXXX90"", ""backup_number"": ""87XXXXXX09""}",True
167,"{""monitoring_alert"": ""high_memory_usage"", ""threshold_exceeded"": true}",False
168,"{""name"": ""VXXX AXXX"", ""address"": ""[REDACTED_ADDRESS]"", ""phone"": ""73XXXXXX01""}",True
169,"{""load_balancer"": ""nginx"", ""upstream_servers"": 4}",False
170,"{""passport"": ""FXXXXXX3"", ""travel_history"": ""USA,UAE,UK""}",True
171,"{""last_name"": ""Patel"", ""blood_group"": ""O+""}",False
172,"{""__raw__"": ""{\""aadhar\"": \""XXXX-XXXX-XXXX\"", \""document_uploaded\"": 2024-01-15\""}\""""}",True
173,"{""api_rate_limit"": 1000, ""current_usage"": 245}",False
174,"{""name"": ""AXXX VXXX"", ""email"": ""an**********@office.in"", ""ip_address"": ""59.144.*.*""}",True
175,"{""database_connection"": ""mysql"", ""pool_size"": 20}",False
176,"{""upi_id"": ""wa***t@phonepe"", ""balance_inquiry"": true}",True
177,"{""city"": ""Nagpur"", ""timezone"": ""Asia/Kolkata""}",False
178,"{""phone"": ""89XXXXXX67"", ""international_roaming"": false}",True
179,"{""first_name"": ""Rakesh"", ""credit_score"": 750}",False
180,"{""name"": ""SXXX DXXX"", ""address"": ""123 Gandhi Nagar, Patna, 800001"", ""email"": ""su*********@email.org""}",True
181,"{""message_queue"": ""rabbitmq"", ""queue_depth"": 150}",False
182,"{""passport"": ""VXXXXXX0"", ""diplomatic_status"": false}",True
183,"{""last_name"": ""Yadav"", ""experience"": ""5 years""}",False
184,"{""__raw__"": ""{\""aadhar\"": \""XXXX-XXXX-XXXX\"", \""address_change_request\"": pending\""}\""""}",True
185,"{""security_scan"": ""passed"", ""vulnerabilities_found"": 0}",False
186,"{""name"": ""RXXX SXXX"", ""phone"": ""67XXXXXX45"", ""email"": ""ri********@company.com""}",True
187,"{""container_registry"": ""docker_hub"", ""image_version"": ""v1.2.3""}",False
188,"{""upi_id"": ""32*******4@paytm"", ""pin_change_required"": false}",True
189,"{""city"": ""Chandigarh"", ""weather_forecast"": ""sunny""}",False
190,"{""phone"": ""76XXXXXX34"", ""fiber_connection"": true}",True
191,"{""first_name"": ""Manoj"", ""vehicle_type"": ""sedan""}",False
192,"{""name"": ""KXXX RXXX"", ""address"": ""456 Jubilee Hills, Hyderabad, 500033"", ""ip_address"": ""14.139.*.*""}",True
193,"{""elastic_search"": ""cluster_healthy"", ""nodes"": 5}",False
194,"{""passport"": ""JXXXXXX0"", ""minor_dependent"": false}",True
195,"{""last_name"": ""Jain"", ""dietary_preference"": ""vegetarian""}",False
196,"{""aadhar"": ""XXXX-XXXX-XXXX"", ""family_head"": true}",True
197,"{""prometheus_metric"": ""http_requests_total"", ""value"": 50000}",False
198,"{""name"": ""AXXX TXXX"", ""email"": ""ab*************@work.com"", ""device_type"": ""Mobile""}",True
199,"{""grafana_dashboard"": ""system_overview"", ""panels"": 12}",False
200,"{""upi_id"": ""sa****s@unionbank"", ""interest_rate"": 3.5}",True
201,"{""city"": ""Bhopal"", ""air_quality"": ""moderate""}",False
202,"{""phone"": ""90XXXXXX78"", ""plan_type"": ""postpaid""}",True
203,"{""first_name"": ""Shalini"", ""favorite_color"": ""blue""}",False
204,"{""name"": ""RXXX MXXX"", ""address"": ""[REDACTED_ADDRESS]"", ""phone"": ""81XXXXXX90""}",True
205,"{""jenkins_build"": ""successful"", ""build_number"": 156}",False
206,"{""__raw__"": ""{\""passport\"": \""CXXXXXX1\"", \""renewal_due\"": 2025-06-15\""}\""""}",True
207,"{""last_name"": ""Chopra"", ""shoe_size"": 9}",False
208,"{""aadhar"": ""XXXX-XXXX-XXXX"", ""nomination_updated"": true}",True
209,"{""terraform_state"": ""applied"", ""resources"": 23}",False
210,"{""name"": ""SXXX SXXX"", ""email"": ""sh***********@personal.com"", ""ip_address"": ""122.161.*.*""}",True
211,"{""ansible_playbook"": ""deploy_app"", ""tasks"": 15}",False
212,"{""upi_id"": ""21*******3@ybl"", ""kyc_level"": ""full""}",True
213,"{""city"": ""Vadodara"", ""population"": 1670000}",False
214,"{""phone"": ""84XXXXXX12"", ""signal_strength"": ""-65dBm""}",True
215,"{""first_name"": ""Gaurav"", ""t_shirt_size"": ""L""}",False
216,"{""name"": ""MXXX DXXX"", ""address"": ""321 Film City, Mumbai, 400059"", ""email"": ""ma*****@bollywood.com""}",True
217,"{""docker_compose"": ""version_3"", ""services"": 8}",False
218,"{""passport"": ""IXXXXXX2"", ""blood_type"": ""A+""}",True
219,"{""last_name"": ""Bansal"", ""coffee_preference"": ""cappuccino""}",False
220,"{""aadhar"": ""XXXX-XXXX-XXXX"", ""senior_citizen"": false}",True
221,"{""nagios_check"": ""ok"", ""last_check"": ""2024-01-20T15:30:00Z""}",False
222,"{""name"": ""NXXX SXXX"", ""phone"": ""72XXXXXX90"", ""email"": ""ni***********@tech.in""}",True
223,"{""zabbix_host"": ""web_server_01"", ""status"": ""monitored""}",False
224,"{""upi_id"": ""bu*****s@yesbank"", ""gst_registered"": true}",True
225,"{""city"": ""Surat"", ""textile_hub"": true}",False
226,"{""phone"": ""93XXXXXX12"", ""voicemail_enabled"": false}",True
227,"{""first_name"": ""Pooja"", ""pet_name"": ""Bruno""}",False
228,"{""name"": ""KXXX KXXX"", ""address"": ""[REDACTED_ADDRESS]"", ""ip_address"": ""203.192.*.*""}",True
229,"{""splunk_index"": ""main"", ""events_per_day"": 1000000}",False
230,"{""passport"": ""OXXXXXX7"", ""dual_citizenship"": false}",True
231,"{""last_name"": ""Agrawal"", ""music_preference"": ""classical""}",False
232,"{""aadhar"": ""XXXX-XXXX-XXXX"", ""disability_certificate"": false}",True
233,"{""elk_stack"": ""7.10.2"", ""log_retention"": ""30_days""}",False
234,"{""name"": ""SXXX NXXX"", ""email"": ""sw*********@university.ac.in"", ""device_id"": ""[REDACTED_DEVICE_ID]""}",True
235,"{""redis_cache"": ""cluster_mode"", ""memory_usage"": ""2.1GB""}",False
236,"{""upi_id"": ""10*******2@paytm"", ""fraud_alert"": false}",True
237,"{""city"": ""Jodhpur"", ""heritage_site"": true}",False
238,"{""phone"": ""86XXXXXX34"", ""emergency_contact"": true}",True
239,"{""first_name"": ""Arpit"", ""gaming_preference"": ""FPS""}",False
240,"{""name"": ""GXXX PXXX"", ""address"": ""[REDACTED_ADDRESS]"", ""phone"": ""68XXXXXX57""}",True
241,"{""memcached"": ""1.6.9"", ""hit_ratio"": 0.84}",False
242,"{""passport"": ""UXXXXXX9"", ""organ_donor"": true}",True
243,"{""last_name"": ""Kulkarni"", ""sports_preference"": ""cricket""}",False
244,"{""aadhar"": ""XXXX-XXXX-XXXX"", ""pan_linked"": true}",True
245,"{""fluentd_buffer"": ""file"", ""buffer_size"": ""256MB""}",False
246,"{""name"": ""TXXX GXXX"", ""email"": ""ta********@startup.io"", ""ip_address"": ""49.15.*.*""}",True
247,"{""haproxy_backend"": ""app_servers"", ""active_servers"": 6}",False
248,"{""upi_id"": ""09*******1@okaxis"", ""reward_points"": 2500}",True
249,"{""city"": ""Agra"", ""monument"": ""Taj Mahal""}",False
250,"{""phone"": ""77XXXXXX45"", ""data_plan"": ""unlimited""}",True
251,"{""first_name"": ""Shruti"", ""zodiac_sign"": ""Leo""}",False
252,"{""name"": ""VXXX DXXX"", ""address"": ""[REDACTED_ADDRESS]"", ""email"": ""va***@actor.com""}",True
253,"{""cassandra_cluster"": ""3_nodes"", ""replication_factor"": 3}",False
254,"{""passport"": ""Z3681470"", ""machine_readable"": true}",False
255,"{""last_name"": ""Sinha"", ""reading_habit"": ""fiction""}",False
256,"{""aadhar"": ""XXXX-XXXX-XXXX"", ""uan_linked"": true}",True
257,"{""neo4j_database"": ""graph_analytics"", ""node_count"": 50000}",False
258,"{""name"": ""RXXX DXXX"", ""phone"": ""98XXXXXX10"", ""email"": ""ri****@film.in""}",True
259,"{""apache_kafka"": ""2.8.0"", ""topics"": 25}",False
260,"{""upi_id"": ""98*******0@ibl"", ""standing_instruction"": true}",True
261,"{""city"": ""Guwahati"", ""tea_capital"": true}",False
262,"{""phone"": ""61XXXXXX89"", ""hotspot_enabled"": true}",True
263,"{""first_name"": ""Tanvi"", ""dance_form"": ""bharatanatyam""}",False
264,"{""name"": ""SXXX TXXX"", ""address"": ""[REDACTED_ADDRESS]"", ""ip_address"": ""203.88.*.*""}",True
265,"{""airflow_dag"": ""data_pipeline"", ""schedule_interval"": ""@daily""}",False
266,"{""passport"": ""WXXXXXX3"", ""special_endorsement"": false}",True
267,"{""last_name"": ""Pandey"", ""cooking_skill"": ""intermediate""}",False
268,"{""aadhar"": ""XXXX-XXXX-XXXX"", ""ration_card_linked"": true}",True
269,"{""spark_cluster"": ""4_workers"", ""memory"": ""16GB""}",False
270,"{""name"": ""AXXX BXXX"", ""email"": ""al**@bollywood.in"", ""device_type"": ""iPhone""}",True
271,"{""hdfs_replication"": 3, ""block_size"": ""128MB""}",False
272,"{""upi_id"": ""87*******9@ybl"", ""max_transaction_limit"": 200000}",True
273,"{""city"": ""Dehradun"", ""hill_station"": true}",False
274,"{""phone"": ""95XXXXXX23"", ""call_forwarding"": false}",True
275,"{""first_name"": ""Yash"", ""favorite_cuisine"": ""Italian""}",False
276,"{""name"": ""DXXX PXXX"", ""address"": ""789 Bandra West, Mumbai, 400050"", ""phone"": ""89XXXXXX67""}",True
277,"{""mongodb_replica"": ""primary"", ""oplog_size"": ""2GB""}",False
278,"{""passport"": ""EXXXXXX1"", ""chip_enabled"": true}",True
279,"{""last_name"": ""Gupta"", ""travel_frequency"": ""frequent""}",False
280,"{""aadhar"": ""XXXX-XXXX-XXXX"", ""voter_id_linked"": true}",True
281,"{""postgresql_version"": ""13.4"", ""extensions"": ""postgis,pg_stat_statements""}",False
282,"{""name"": ""RXXX KXXX"", ""email"": ""ra****@movies.com"", ""ip_address"": ""117.196.*.*""}",True
283,"{""consul_cluster"": ""3_agents"", ""leader_election"": true}",False
284,"{""upi_id"": ""76*******8@paytm"", ""mobile_banking"": true}",True
285,"{""city"": ""Shimla"", ""altitude"": ""2205m""}",False
286,"{""phone"": ""82XXXXXX90"", ""wifi_calling"": true}",True
287,"{""first_name"": ""Ishita"", ""language_skills"": ""Hindi,English,French""}",False
288,"{""name"": ""HXXX RXXX"", ""address"": ""321 Juhu Beach, Mumbai, 400049"", ""email"": ""hr*****@superstar.in""}",True
289,"{""vault_secrets"": ""encrypted"", ""policies"": 8}",False
290,"{""passport"": ""DXXXXXX9"", ""photo_biometric"": true}",True
291,"{""last_name"": ""Saxena"", ""workout_routine"": ""yoga""}",False
292,"{""aadhar"": ""XXXX-XXXX-XXXX"", ""driving_license_linked"": true}",True
293,"{""kubernetes_ingress"": ""nginx"", ""ssl_termination"": true}",False
294,"{""name"": ""KXXX KXXX"", ""phone"": ""71XXXXXX90"", ""email"": ""ka*****@actress.com""}",True
295,"{""etcd_cluster"": ""healthy"", ""raft_applied_index"": 1000000}",False
296,"{""upi_id"": ""65*******7@okaxis"", ""joint_account"": false}",True
297,"{""city"": ""Manali"", ""skiing_season"": ""winter""}",False
298,"{""phone"": ""97XXXXXX45"", ""conference_calling"": true}",True
299,"{""first_name"": ""Naman"", ""programming_language"": ""Python""}",False
300,"{""name"": ""PXXX CXXX"", ""address"": ""654 Versova, Mumbai, 400061"", ""ip_address"": ""59.144.*.*""}",True
301,"{""istio_mesh"": ""enabled"", ""sidecar_injection"": true}",False
302,"{""passport"": ""KXXXXXX4"", ""rfid_enabled"": true}",True
303,"{""last_name"": ""Tiwari"", ""meditation_practice"": ""mindfulness""}",False
304,"{""aadhar"": ""XXXX-XXXX-XXXX"", ""health_insurance_linked"": true}",True
305,"{""linkerd_proxy"": ""stable-2.11.1"", ""success_rate"": 99.9}",False
306,"{""name"": ""AXXX KXXX"", ""email"": ""ak****@actionhero.in"", ""device_id"": ""[REDACTED_DEVICE_ID]""}",True
307,"{""opentelemetry"": ""enabled"", ""traces_per_second"": 1000}",False
308,"{""upi_id"": ""54*******6@ybl"", ""credit_card_linked"": true}",True
309,"{""city"": ""Ooty"", ""tea_gardens"": true}",False
310,"{""phone"": ""80XXXXXX78"", ""5g_enabled"": true}",True
311,"{""first_name"": ""Sneha"", ""fitness_goal"": ""weight_loss""}",False
312,"{""name"": ""SXXX KXXX"", ""address"": ""[REDACTED_ADDRESS]"", ""phone"": ""91XXXXXX80""}",True
313,"{""jaeger_tracing"": ""distributed"", ""spans_collected"": 50000}",False
314,"{""passport"": ""MXXXXXX1"", ""biometric_exit"": true}",True
315,"{""last_name"": ""Mahajan"", ""hobby"": ""painting""}",False
316,"{""aadhar"": ""XXXX-XXXX-XXXX"", ""life_insurance_linked"": true}",True
317,"{""zipkin_spans"": ""sampled"", ""sampling_rate"": 0.1}",False
318,"{""name"": ""AXXX KXXX"", ""email"": ""aa***@perfectionist.com"", ""ip_address"": ""14.139.*.*""}",True
319,"{""flagger_canary"": ""progressive"", ""success_threshold"": 99}",False
320,"{""upi_id"": ""43*******5@paytm"", ""fixed_deposit_linked"": true}",True
321,"{""city"": ""Nainital"", ""lake_city"": true}",False
322,"{""phone"": ""73XXXXXX01"", ""volte_enabled"": true}",True
323,"{""first_name"": ""Rajat"", ""investment_portfolio"": ""balanced""}",False
324,"{""name"": ""Shah Rukh Khan"", ""address"": ""123 Mannat, Mumbai, 400050"", ""email"": ""sr*k@kingkhan.in""}",True
325,"{""argo_cd"": ""v2.4.0"", ""applications"": 15}",False
326,"{""passport"": ""AXXXXXX4"", ""fast_track_eligible"": true}",True
327,"{""last_name"": ""Verma"", ""social_media"": ""LinkedIn""}",False
328,"{""order_id"": ""ORD123456"", ""product_category"": ""Electronics"", ""status"": ""delivered""}",False
329,"{""transaction_id"": ""TXN789012"", ""payment_method"": ""credit_card"", ""amount"": 15000}",False
330,"{""product_sku"": ""SKU456789"", ""brand"": ""Samsung"", ""rating"": 4.5}",False
331,"{""campaign_id"": ""CAM123"", ""click_rate"": 0.045, ""conversion"": 0.12}",False
332,"{""session_id"": ""SESS456"", ""page_views"": 8, ""bounce_rate"": 0.25}",False
333,"{""warehouse_code"": ""WH001"", ""inventory_level"": 150, ""reorder_point"": 50}",False
334,"{""coupon_code"": ""SAVE20"", ""discount_percentage"": 20, ""usage_limit"": 1000}",False
335,"{""api_key"": ""API789"", ""requests_per_minute"": 500, ""quota_exceeded"": false}",False
336,"{""batch_id"": ""BATCH123"", ""processed_records"": 50000, ""error_count"": 12}",False
337,"{""log_entry"": ""INFO"", ""timestamp"": ""2024-01-20T10:30:00Z"", ""module"": ""payment_service""}",False
338,"{""metric_name"": ""response_time"", ""value"": 120, ""unit"": ""milliseconds""}",False
339,"{""feature_flag"": ""new_checkout"", ""enabled"": true, ""rollout_percentage"": 50}",False
340,"{""service_name"": ""user_service"", ""version"": ""v2.1.0"", ""health_status"": ""healthy""}",False
341,"{""database_name"": ""primary"", ""connection_pool"": 20, ""active_connections"": 15}",False
342,"{""queue_name"": ""order_processing"", ""message_count"": 245, ""consumers"": 3}",False
343,"{""cache_key"": ""user_profile_123"", ""ttl"": 3600, ""hit_ratio"": 0.85}",False
344,"{""deployment_id"": ""DEP456"", ""environment"": ""production"", ""rollback_available"": true}",False
345,"{""alert_id"": ""ALT789"", ""severity"": ""warning"", ""acknowledged"": false}",False
346,"{""backup_id"": ""BAK123"", ""size"": ""2.5GB"", ""verification"": ""passed""}",False
347,"{""test_suite"": ""integration_tests"", ""passed"": 145, ""failed"": 3}",False
348,"{""build_number"": ""BUILD789"", ""commit_hash"": ""abc123def"", ""deployment_time"": ""2024-01-20T14:25:00Z""}",False
349,"{""region"": ""ap-south-1"", ""availability_zone"": ""ap-south-1a"", ""instance_type"": ""t3.medium""}",False
350,"{""security_scan"": ""vulnerability_assessment"", ""high_risk"": 0, ""medium_risk"": 2}",False
351,"{""load_balancer"": ""ALB"", ""target_groups"": 2, ""healthy_targets"": 6}",False
352,"{""cdn_provider"": ""CloudFront"", ""cache_hit_ratio"": 0.92, ""origin_requests"": 1500}",False
353,"{""ssl_certificate"": ""wildcard"", ""issuer"": ""Let's Encrypt"", ""expiry"": ""2024-12-31""}",False
354,"{""monitoring_dashboard"": ""system_overview"", ""widgets"": 12, ""refresh_interval"": 30}",False
355,"{""compliance_check"": ""gdpr"", ""status"": ""compliant"", ""last_audit"": ""2024-01-01""}",False
356,"{""machine_learning_model"": ""recommendation_engine"", ""accuracy"": 0.89, ""training_data"": ""1M_samples""}",False
357,"{""data_pipeline"": ""etl_daily"", ""source"": ""mongodb"", ""destination"": ""data_warehouse""}",False
358,"{""kubernetes_pod"": ""api-deployment-abc123"", ""cpu_usage"": ""65%"", ""memory_usage"": ""512MB""}",False
359,"{""docker_image"": ""app:v1.2.3"", ""size"": ""150MB"", ""layers"": 8}",False
360,"{""git_branch"": ""feature/new-ui"", ""commits_ahead"": 5, ""merge_conflicts"": false}",False
361,"{""network_interface"": ""eth0"", ""bytes_in"": 1048576, ""bytes_out"": 524288}",False
362,"{""file_system"": ""/dev/sda1"", ""total_space"": ""100GB"", ""free_space"": ""25GB""}",False
363,"{""process_id"": ""12345"", ""cpu_time"": ""2.5s"", ""memory_usage"": ""256MB""}",False
364,"{""thread_pool"": ""worker_threads"", ""active_threads"": 8, ""queue_size"": 15}",False
365,"{""garbage_collection"": ""G1GC"", ""pause_time"": ""10ms"", ""frequency"": ""every_30s""}",False
366,"{""connection_string"": ""postgresql://localhost:5432/app_db"", ""max_connections"": 100, ""current_connections"": 45}",False
367,"{""search_index"": ""products_v2"", ""document_count"": 1000000, ""size"": ""2.1GB""}",False
368,"{""message_broker"": ""RabbitMQ"", ""exchange_type"": ""topic"", ""routing_key"": ""order.created""}",False
369,"{""streaming_platform"": ""Apache Kafka"", ""partition_count"": 12, ""replication_factor"": 3}",False
370,"{""container_orchestrator"": ""Kubernetes"", ""namespace"": ""production"", ""pod_count"": 25}",False
371,"{""microservice_architecture"": ""event_driven"", ""service_count"": 15, ""communication"": ""async""}",False
372,"{""api_gateway"": ""Kong"", ""rate_limiting"": ""1000_rpm"", ""authentication"": ""JWT""}",False
373,"{""service_mesh"": ""Istio"", ""sidecar_proxy"": ""Envoy"", ""mTLS_enabled"": true}",False
374,"{""observability_stack"": ""ELK"", ""log_retention"": ""30_days"", ""alert_rules"": 25}",False
375,"{""aadhar"": ""XXXX-XXXX-XXXX"", ""address_verification"": ""completed"", ""timestamp"": ""2024-01-20T09:15:00Z""}",True
376,"{""name"": ""AXXX KXXX"", ""email"": ""ar**********@film.in"", ""address"": ""[REDACTED_ADDRESS]""}",True
377,"{""phone"": ""98XXXXXX10"", ""carrier_name"": ""Airtel"", ""plan_type"": ""postpaid""}",True
378,"{""upi_id"": ""ar*****3@paytm"", ""linked_bank"": ""HDFC Bank"", ""kyc_status"": ""verified""}",True
379,"{""passport"": ""PXXXXXX3"", ""issue_place"": ""Mumbai"", ""validity"": ""10_years""}",True
380,"{""name"": ""SXXX GXXX"", ""phone"": ""87XXXXXX09"", ""email"": ""so***@personal.in"", ""device_type"": ""Android""}",True
381,"{""aadhar"": ""XXXX-XXXX-XXXX"", ""biometric_status"": ""locked"", ""unlock_required"": true}",True
382,"{""name"": ""VXXX SXXX"", ""address"": ""[REDACTED_ADDRESS]"", ""ip_address"": ""203.88.*.*""}",True
383,"{""phone"": ""76XXXXXX98"", ""international_code"": ""+91"", ""verified"": true}",True
384,"{""upi_id"": ""vi***h@okaxis"", ""transaction_pin"": ""set"", ""daily_limit"": 100000}",True
385,"{""passport"": ""LXXXXXX7"", ""photo_updated"": ""2024-01-15"", ""pages_left"": 32}",True
386,"{""name"": ""MXXX SXXX"", ""email"": ""me**********@office.com"", ""department"": ""HR""}",True
387,"{""aadhar"": ""XXXX-XXXX-XXXX"", ""mobile_verification"": ""pending"", ""otp_sent"": true}",True
388,"{""name"": ""RXXX SXXX"", ""address"": ""123 Andheri West, Mumbai, 400053"", ""phone"": ""89XXXXXX67""}",True
389,"{""phone"": ""67XXXXXX45"", ""sms_service"": ""enabled"", ""promotional_consent"": false}",True
390,"{""upi_id"": ""ro*****9@ybl"", ""beneficiary_limit"": 20, ""recent_transaction"": ""2024-01-20""}",True
391,"{""passport"": ""AXXXXXX2"", ""emergency_contact_name"": ""Priya Shetty"", ""relationship"": ""spouse""}",True
392,"{""name"": ""KXXX MXXX"", ""email"": ""ka***@actress.in"", ""ip_address"": ""117.196.*.*""}",True
393,"{""aadhar"": ""XXXX-XXXX-XXXX"", ""demographic_auth"": ""success"", ""attempt_count"": 1}",True
394,"{""name"": ""AXXX DXXX"", ""address"": ""567 Juhu Scheme, Mumbai, 400049"", ""email"": ""aj**@action.com""}",True
395,"{""phone"": ""92XXXXXX01"", ""call_log_consent"": true, ""privacy_setting"": ""medium""}",True
396,"{""upi_id"": ""aj*y@icici"", ""merchant_payments"": 15, ""last_settlement"": ""2024-01-19""}",True
397,"{""passport"": ""HXXXXXX3"", ""visa_pages"": 8, ""endorsement_pages"": 2}",True
398,"{""name"": ""TXXX KXXX"", ""phone"": ""81XXXXXX89"", ""email"": ""ta**@versatile.in""}",True
399,"{""aadhar"": ""XXXX-XXXX-XXXX"", ""bank_seeding"": ""completed"", ""subsidy_linked"": true}",True
400,"{""name"": ""NXXX SXXX"", ""address"": ""[REDACTED_ADDRESS]"", ""ip_address"": ""59.144.*.*""}",True
401,"{""phone"": ""78XXXXXX56"", ""roaming_activated"": true, ""international_plan"": ""active""}",True
402,"{""upi_id"": ""na**z@sbi"", ""family_account"": true, ""members_linked"": 4}",True
403,"{""passport"": ""TXXXXXX1"", ""chip_technology"": ""enabled"", ""security_features"": ""enhanced""}",True
404,"{""name"": ""KXXX SXXX"", ""email"": ""ko*****@independent.in"", ""device_id"": ""[REDACTED_DEVICE_ID]""}",True
405,"{""aadhar"": ""XXXX-XXXX-XXXX"", ""disability_flag"": false, ""senior_citizen"": false}",True
406,"{""name"": ""IXXX KXXX"", ""address"": ""[REDACTED_ADDRESS]"", ""phone"": ""69XXXXXX78""}",True
407,"{""phone"": ""95XXXXXX34"", ""caller_tune"": ""enabled"", ""ringback_tone"": ""bollywood_classic""}",True
408,"{""upi_id"": ""ir***n@phonepe"", ""insurance_premium"": ""auto_debit"", ""policy_linked"": true}",True
409,"{""passport"": ""KXXXXXX2"", ""place_of_birth"": ""Mumbai"", ""spouse_name"": ""Sutapa Sikdar""}",True
410,"{""name"": ""PXXX TXXX"", ""email"": ""pa****@character.in"", ""ip_address"": ""14.139.*.*""}",True
411,"{""aadhar"": ""XXXX-XXXX-XXXX"", ""rural_address"": false, ""urban_classification"": true}",True
412,"{""name"": ""RXXX AXXX"", ""address"": ""[REDACTED_ADDRESS]"", ""email"": ""ra*****@bold.com""}",True
413,"{""phone"": ""84XXXXXX12"", ""missed_call_alert"": true, ""call_waiting"": ""enabled""}",True
414,"{""upi_id"": ""ra****a@unionbank"", ""loan_emi"": ""auto_pay"", ""next_due"": ""2024-02-01""}",True
415,"{""passport"": ""RXXXXXX8"", ""frequent_traveler"": true, ""miles_accumulated"": 50000}",True
416,"{""name"": ""AXXX KXXX"", ""phone"": ""73XXXXXX01"", ""email"": ""ay*******@versatile.in""}",True
417,"{""aadhar"": ""XXXX-XXXX-XXXX"", ""health_id"": ""linked"", ""vaccination_status"": ""fully_vaccinated""}",True
418,"{""name"": ""BXXX PXXX"", ""address"": ""789 Khar West, Mumbai, 400052"", ""ip_address"": ""122.161.*.*""}",True
419,"{""phone"": ""96XXXXXX34"", ""network_type"": ""4G"", ""data_usage"": ""15GB_monthly""}",True
420,"{""upi_id"": ""bh**i@kotak"", ""savings_goal"": ""home_purchase"", ""target_amount"": 5000000}",True
421,"{""passport"": ""SXXXXXX5"", ""digital_copy"": ""available"", ""qr_code"": ""generated""}",True
422,"{""name"": ""RXXX RXXX"", ""email"": ""ra*******@method.in"", ""device_type"": ""Samsung""}",True
423,"{""aadhar"": ""XXXX-XXXX-XXXX"", ""aadhaar_pay"": ""enabled"", ""micro_atm"": ""registered""}",True
424,"{""name"": ""KXXX SXXX"", ""address"": ""123 Versova, Mumbai, 400061"", ""phone"": ""87XXXXXX45""}",True
425,"{""phone"": ""67XXXXXX45"", ""backup_sim"": ""inactive"", ""primary_number"": true}",True
426,"{""upi_id"": ""kr**i@yesbank"", ""credit_score_check"": ""monthly"", ""current_score"": 785}",True
427,"{""passport"": ""CXXXXXX2"", ""biometric_data"": ""encrypted"", ""facial_recognition"": true}",True
428,"{""name"": ""KXXX AXXX"", ""email"": ""ka****@comedy.in"", ""ip_address"": ""203.192.*.*""}",True
429,"{""aadhar"": ""XXXX-XXXX-XXXX"", ""consent_manager"": ""registered"", ""data_sharing"": ""limited""}",True
430,"{""name"": ""AXXX PXXX"", ""address"": ""456 Bandra Bandstand, Mumbai, 400050"", ""email"": ""an***a@gen_z.com""}",True
431,"{""phone"": ""78XXXXXX56"", ""video_calling"": true, ""screen_sharing"": ""enabled""}",True
432,"{""upi_id"": ""an***a@hdfcbank"", ""student_account"": true, ""education_loan"": ""linked""}",True
433,"{""passport"": ""NXXXXXX9"", ""minor_passport"": false, ""guardian_details"": ""not_applicable""}",True
434,"{""name"": ""TXXX SXXX"", ""phone"": ""89XXXXXX67"", ""email"": ""ti***@action.in""}",True
435,"{""aadhar"": ""XXXX-XXXX-XXXX"", ""fitness_tracker"": ""linked"", ""health_records"": ""digital""}",True
436,"{""name"": ""DXXX PXXX"", ""address"": ""[REDACTED_ADDRESS]"", ""ip_address"": ""117.196.*.*""}",True
437,"{""phone"": ""90XXXXXX78"", ""ai_assistant"": ""enabled"", ""voice_recognition"": true}",True
438,"{""upi_id"": ""di**a@axis"", ""fashion_expenses"": ""tracked"", ""budget_alert"": true}",True
439,"{""passport"": ""DXXXXXX3"", ""travel_insurance"": ""comprehensive"", ""coverage"": ""worldwide""}",True
440,"{""name"": ""VXXX KXXX"", ""email"": ""vi***@intense.in"", ""device_id"": ""[REDACTED_DEVICE_ID]""}",True
441,"{""aadhar"": ""XXXX-XXXX-XXXX"", ""military_service"": ""eligible"", ""ncc_certificate"": true}",True
442,"{""name"": ""KXXX AXXX"", ""address"": ""[REDACTED_ADDRESS]"", ""phone"": ""71XXXXXX90""}",True
443,"{""phone"": ""82XXXXXX90"", ""conference_call"": ""premium"", ""participants_limit"": 50}",True
444,"{""upi_id"": ""ki**a@indianbank"", ""jewelry_insurance"": ""active"", ""premium"": ""monthly""}",True
445,"{""passport"": ""VXXXXXX0"", ""diplomatic_immunity"": false, ""official_travel"": ""business""}",True
446,"{""name"": ""SXXX MXXX"", ""email"": ""si******@romantic.in"", ""ip_address"": ""59.144.*.*""}",True
447,"{""aadhar"": ""XXXX-XXXX-XXXX"", ""property_registration"": ""linked"", ""stamp_duty"": ""paid""}",True
448,"{""name"": ""SXXX KXXX"", ""address"": ""654 Lokhandwala, Mumbai, 400053"", ""email"": ""sh******@melodious.com""}",True
449,"{""phone"": ""93XXXXXX12"", ""music_streaming"": ""premium"", ""offline_downloads"": 500}",True
450,"{""upi_id"": ""sh*****a@pnb"", ""concert_tickets"": ""auto_book"", ""artist_alerts"": true}",True
451,"{""passport"": ""UXXXXXX4"", ""artist_visa"": ""multi_entry"", ""performance_permit"": true}",True
452,"{""name"": ""VXXX SXXX"", ""phone"": ""84XXXXXX12"", ""email"": ""va***@comedy.in""}",True
453,"{""aadhar"": ""XXXX-XXXX-XXXX"", ""comedy_club"": ""member"", ""performance_rights"": ""registered""}",True
454,"{""name"": ""JXXX KXXX"", ""address"": ""987 Lokhandwala Complex, Mumbai, 400053"", ""ip_address"": ""203.88.*.*""}",True
455,"{""phone"": ""75XXXXXX23"", ""fashion_alerts"": true, ""brand_notifications"": ""selective""}",True
456,"{""upi_id"": ""ja***i@canara"", ""designer_payments"": ""frequent"", ""luxury_limit"": 1000000}",True
457,"{""passport"": ""FXXXXXX1"", ""fashion_week"": ""participant"", ""designer_collaboration"": true}",True
458,"{""name"": ""AXXX RXXX"", ""email"": ""ar***@intense.in"", ""device_type"": ""OnePlus""}",True
459,"{""aadhar"": ""XXXX-XXXX-XXXX"", ""medical_college"": ""alumni"", ""practicing_license"": ""valid""}",True
460,"{""name"": ""RXXX MXXX"", ""address"": ""234 Banjara Hills, Hyderabad, 500034"", ""phone"": ""96XXXXXX34""}",True
461,"{""phone"": ""68XXXXXX56"", ""regional_content"": ""Telugu"", ""dubbing_preference"": ""original""}",True
462,"{""upi_id"": ""ra*****a@sbi"", ""south_cinema"": ""promotions"", ""fan_engagement"": ""high""}",True
463,"{""passport"": ""GXXXXXX2"", ""regional_cinema"": ""ambassador"", ""cultural_exchange"": true}",True
464,"{""name"": ""AXXX AXXX"", ""email"": ""al**@stylish.in"", ""ip_address"": ""14.139.*.*""}",True
465,"{""aadhar"": ""XXXX-XXXX-XXXX"", ""dance_academy"": ""owner"", ""choreography_rights"": ""exclusive""}",True
466,"{""name"": ""SXXX AXXX"", ""address"": ""567 Film Nagar, Hyderabad, 500096"", ""email"": ""sa******@versatile.in""}",True
467,"{""phone"": ""89XXXXXX67"", ""charity_work"": ""active"", ""foundation_calls"": ""priority""}",True
468,"{""upi_id"": ""sa*****a@hdfc"", ""donation_auto"": ""monthly"", ""cause"": ""women_empowerment""}",True
469,"{""passport"": ""IXXXXXX5"", ""humanitarian_visa"": ""active"", ""ngo_collaboration"": true}",True
470,"{""name"": ""RXXX CXXX"", ""phone"": ""72XXXXXX90"", ""email"": ""ra*@megastar.in""}",True
471,"{""aadhar"": ""XXXX-XXXX-XXXX"", ""horse_racing"": ""license"", ""stable_owner"": true}",True
472,"{""name"": ""JXXX NXXX"", ""address"": ""890 Jubilee Hills, Hyderabad, 500033"", ""ip_address"": ""122.161.*.*""}",True
473,"{""phone"": ""83XXXXXX01"", ""political_updates"": ""subscribed"", ""rally_notifications"": true}",True
474,"{""upi_id"": ""nt*r@andhra"", ""political_donations"": ""transparent"", ""party_fund"": ""contributor""}",True
475,"{""passport"": ""JXXXXXX6"", ""political_visa"": ""diplomatic"", ""state_visits"": ""official""}",True
476,"{""name"": ""MXXX BXXX"", ""email"": ""ma****@superstar.in"", ""device_id"": ""[REDACTED_DEVICE_ID]""}",True
477,"{""aadhar"": ""XXXX-XXXX-XXXX"", ""production_house"": ""owner"", ""film_financing"": ""independent""}",True
478,"{""name"": ""PXXX RXXX"", ""address"": ""123 Banjara Hills, Hyderabad, 500034"", ""phone"": ""94XXXXXX12""}",True
479,"{""phone"": ""76XXXXXX34"", ""pan_india"": ""stardom"", ""multilingual_alerts"": true}",True
480,"{""upi_id"": ""pr****s@federal"", ""movie_budget"": ""international"", ""currency"": ""multi""}",True
481,"{""passport"": ""BXXXXXX9"", ""international_filming"": ""permitted"", ""visa_facilitation"": true}",True
482,"{""name"": ""RXXX DXXX"", ""email"": ""ra**@versatile.in"", ""ip_address"": ""203.192.*.*""}",True
483,"{""aadhar"": ""XXXX-XXXX-XXXX"", ""visual_effects"": ""studio_owner"", ""technology_innovator"": true}",True
484,"{""name"": ""AXXX SXXX"", ""address"": ""456 Filmnagar, Hyderabad, 500096"", ""email"": ""an*****@baahubali.in""}",True
485,"{""phone"": ""85XXXXXX23"", ""fitness_regime"": ""strict"", ""trainer_calls"": ""daily""}",True
486,"{""upi_id"": ""an****a@karnataka"", ""fitness_equipment"": ""premium"", ""health_monitoring"": ""advanced""}",True
487,"{""passport"": ""EXXXXXX0"", ""fitness_travel"": ""wellness"", ""spa_treatments"": ""international""}",True
488,"{""name"": ""TXXX BXXX"", ""phone"": ""97XXXXXX45"", ""email"": ""ta******@glamorous.in""}",True
489,"{""aadhar"": ""XXXX-XXXX-XXXX"", ""brand_ambassador"": ""multiple"", ""endorsement_value"": ""premium""}",True
490,"{""name"": ""KXXX AXXX"", ""address"": ""789 Banjara Hills, Hyderabad, 500034"", ""ip_address"": ""117.196.*.*""}",True
491,"{""phone"": ""61XXXXXX89"", ""punjabi_connection"": ""cultural"", ""regional_films"": ""multilingual""}",True
492,"{""upi_id"": ""ka**l@punjab"", ""cultural_events"": ""sponsor"", ""heritage_preservation"": ""donor""}",True
493,"{""passport"": ""LXXXXXX3"", ""cultural_ambassador"": ""official"", ""international_events"": ""participant""}",True
494,"{""name"": ""Rakul Preet Singh"", ""email"": ""ra**l@fitness.in"", ""device_type"": ""iPhone_Pro""}",True
495,"{""aadhar"": ""XXXX-XXXX-XXXX"", ""fitness_influencer"": ""certified"", ""wellness_brand"": ""founder""}",True
496,"{""name"": ""PXXX HXXX"", ""address"": ""321 Film City, Hyderabad, 500096"", ""phone"": ""82XXXXXX90""}",True
497,"{""phone"": ""78XXXXXX56"", ""dance_choreography"": ""skilled"", ""performance_rights"": ""exclusive""}",True
498,"{""upi_id"": ""po**a@maharashtra"", ""dance_academy"": ""investment"", ""cultural_promotion"": ""active""}",True
499,"{""passport"": ""MXXXXXX4"", ""dance_festivals"": ""judge"", ""international_recognition"": true}",True
500,"{""name"": ""RXXX CXXX"", ""email"": ""re****@multilingual.in"", ""ip_address"": ""59.144.*.*""}",True
